Workbook

Sheet HUONG_DAN
B1: HƯỚNG DẪN SỬ DỤNG – THEO DÕI SẢN LƯỢNG V18
B2: Mỗi sheet dữ liệu là một Excel Table (lọc/sắp xếp ở dòng 4). Cột có tiêu đề VÀNG (dòng 3) là cột nhập tay;
B3: cột có tiêu đề XANH NHẠT là công thức, KHÔNG gõ đè. Thêm dữ liệu: gõ vào dòng ngay dưới bảng, bảng tự nới ra và tự điền công thức.
B4: Dữ liệu bắt đầu từ dòng 5 ở mọi sheet. Dòng 2–3 là tiêu đề Trung/Việt, dòng 4 là số thứ tự cột.
B6: 1. Danh mục (ít khi đổi)
B7: CAU_HINH_CA: mã ca và các đợt làm việc. TỔNG GIỜ tự tính từ giờ bắt đầu/kết thúc.
B8: DANH_SACH_CHUYEN: thứ tự ở đây là thứ tự hiển thị trên TV. Thêm chuyền thì thêm 1 dòng ở cả sheet này và bảng HIEN_THI.
B9: DANH_SACH_SAN_PHAM: mọi mã sản phẩm. Mã được lưu dạng chữ (883 và "883" là một).
B11: 2. Đầu tháng
B12: MUC_TIEU_THANG: mỗi sản phẩm một dòng cho mỗi tháng. Cột THÁNG gõ dạng 10/2026. Các cột lũy kế tự tính.
B14: 3. Hằng ngày – sheet NHAP_LIEU
B15: Mỗi chuyền một dòng mỗi ngày: NGÀY, CHUYỀN, MÃ SẢN PHẨM, MÃ CA, MỤC TIÊU MỖI GIỜ.
... B31: Tiêu đề cột công thức

Sheet CAU_HINH_CA
A1: 工作時間設定 / CẤU HÌNH CA
A2: 班次代碼 | B2: 班次名稱 | C2: 總工時 | D2: 第一時段開始 | E2: 第一時段結束 | F2: 第二時段開始 | G2: 第二時段結束 | H2: 第三時段開始 | I2: 第三時段結束 | J2: 啟用狀態
A3: MÃ CA | B3: TÊN CA | C3: TỔNG GIỜ (tự tính) | D3: ĐỢT 1 BẮT ĐẦU | E3: ĐỢT 1 KẾT THÚC | F3: ĐỢT 2 BẮT ĐẦU | G3: ĐỢT 2 KẾT THÚC | H3: ĐỢT 3 BẮT ĐẦU | I3: ĐỢT 3 KẾT THÚC | J3: TRẠNG THÁI
A4: 1 | B4: 2 | C4: 3 | D4: 4 | E4: 5 | F4: 6 | G4: 7 | H4: 8 | I4: 9 | J4: 10
A5: 8H | B5: 8 giờ | C5: =IF(A5="","",ROUND(((E5-D5)+(G5-F5)+(I5-H5))*24,2)) -> 8 | D5: 0.3125 | E5: 0.47916667 | F5: 0.52083333 | G5: 0.6875 | J5: Đang sử dụng
A6: 9H | B6: 9 giờ | C6: =IF(A6="","",ROUND(((E6-D6)+(G6-F6)+(I6-H6))*24,2)) -> 9 | D6: 0.3125 | E6: 0.47916667 | F6: 0.52083333 | G6: 0.72916667 | J6: Đang sử dụng
A7: 10H | B7: 10 giờ | C7: =IF(A7="","",ROUND(((E7-D7)+(G7-F7)+(I7-H7))*24,2)) -> 10 | D7: 0.3125 | E7: 0.47916667 | F7: 0.52083333 | G7: 0.77083333 | J7: Đang sử dụng
A8: 11H30 | B8: 11 giờ 30 phút | C8: =IF(A8="","",ROUND(((E8-D8)+(G8-F8)+(I8-H8))*24,2)) -> 11.5 | D8: 0.3125 | E8: 0.47916667 | F8: 0.52083333 | G8: 0.6875 | H8: 0.70833333 | I8: 0.85416667 | J8: Đang sử dụng

Sheet DANH_SACH_CHUYEN
A1: 產線清單 / DANH SÁCH CHUYỀN
A2: 產線代碼 | B2: 產線名稱 | C2: 線長姓名 | D2: 啟用狀態
A3: MÃ CHUYỀN | B3: TÊN CHUYỀN | C3: TÊN TRƯỞNG CHUYỀN | D3: TRẠNG THÁI
A4: 1 | B4: 2 | C4: 3 | D4: 4
A5: CH01 | B5: Chuyền 1 | D5: Đang sử dụng
A6: CH02 | B6: Chuyền 2 | D6: Đang sử dụng
A7: CH03 | B7: Chuyền 3 | D7: Đang sử dụng
A8: CH04 | B8: Chuyền 4 | D8: Đang sử dụng
A9: CH05 | B9: Chuyền 5 | D9: Đang sử dụng
A10: CH06 | B10: Chuyền 6 | D10: Đang sử dụng

Sheet DANH_SACH_SAN_PHAM
A1: 產品清單 / DANH SÁCH SẢN PHẨM
A2: 产品代码 | B2: 产品名称 | C2: 備註 | D2: 啟用狀態
A3: MÃ SẢN PHẨM | B3: TÊN SẢN PHẨM | C3: GHI CHÚ | D3: TRẠNG THÁI
A4: 1 | B4: 2 | C4: 3 | D4: 4
A5: ĐAI LƯNG | D5: Đang sử dụng
A6: BAO TAY XANH | D6: Đang sử dụng
A7: 883 | D7: Đang sử dụng
A8: 567 | C8: Test | D8: Đang sử dụng
A9: MÃ 9H | C9: Mã thử từ V17 | D9: Đang sử dụng

Sheet NHAP_LIEU
A1: 生產計劃與每小時產量 / NHẬP LIỆU HẰNG NGÀY (KẾ HOẠCH + SẢN LƯỢNG THEO GIỜ)
A2: 日期 | B2: 產線 | C2: 产品代码 | D2: 工作時間 | E2: 每小时目标产量PCS | F2: 總工時 | G2: 每日目标产量PCS | H2: 第1小時 | I2: 第2小時 | J2: 第3小時 | K2: 第4小時 | L2: 第5小時 | M2: 第6小時 | N2: 第7小時 | O2: 第8小時 | P2: 第9小時 | Q2: 第10小時 | R2: 第11小時 | S2: 第12小時 | T2: 每日实际产量PCS | U2: 当日达成率% | V2: 差異PCS | W2: 剩餘PCS | X2: 已輸入小時數 | Y2: 累計目標PCS | Z2: 進度達成率% | AA2: 前一工作日 | AB2: 前一日欠數PCS | AC2: 狀態 | AD2: 備註 | AE2: 檢查 | AF2: 索引
A3: NGÀY | B3: CHUYỀN | C3: MÃ SẢN PHẨM | D3: MÃ CA | E3: MỤC TIÊU MỖI GIỜ | F3: GIỜ CA | G3: MỤC TIÊU TRONG NGÀY | H3: GIỜ 1 | I3: GIỜ 2 | J3: GIỜ 3 | K3: GIỜ 4 | L3: GIỜ 5 | M3: GIỜ 6 | N3: GIỜ 7 | O3: GIỜ 8 | P3: GIỜ 9 | Q3: GIỜ 10 | R3: GIỜ 11 | S3: GIỜ 12 | T3: THỰC TẾ TRONG NGÀY | U3: TỶ LỆ ĐẠT TRONG NGÀY | V3: CHÊNH LỆCH | W3: CÒN THIẾU | X3: SỐ GIỜ ĐÃ NHẬP | Y3: MỤC TIÊU ĐẾN GIỜ ĐÃ NHẬP | Z3: TIẾN ĐỘ THEO GIỜ | AA3: NGÀY LÀM TRƯỚC | AB3: THIẾU HÔM TRƯỚC | AC3: TRẠNG THÁI | AD3: GHI CHÚ | AE3: KIỂM TRA | AF3: KHÓA (máy dùng)
A4: 1 | B4: 2 | C4: 3 | D4: 4 | E4: 5 | F4: 6 | G4: 7 | H4: 8 | I4: 9 | J4: 10 | K4: 11 | L4: 12 | M4: 13 | N4: 14 | O4: 15 | P4: 16 | Q4: 17 | R4: 18 | S4: 19 | T4: 20 | U4: 21 | V4: 22 | W4: 23 | X4: 24 | Y4: 25 | Z4: 26 | AA4: 27 | AB4: 28 | AC4: 29 | AD4: 30 | AE4: 31 | AF4: 32
A5: 46295 | B5: Chuyền 1 | C5: ĐAI LƯNG | D5: 8H | E5: 100 | F5: =IF(D5="","",IFERROR(INDEX(CAU_HINH_CA!$C$5:$C$50,MATCH(D5,CAU_HINH_CA!$A$5:$A$50,0)),"")) -> 8 | G5: =IF(OR(F5="",E5=""),"",ROUND(F5*E5,0)) -> 800 | H5: 100 | I5: 90 | J5: 110 | T5: =IF(COUNT(H5:S5)=0,"",SUM(H5:S5)) -> 300 | U5: =IF(OR(T5="",N(G5)=0),"",T5/G5) -> 0.375 | V5: =IF(OR(T5="",G5=""),"",T5-G5) -> -500 | W5: =IF(OR(T5="",G5=""),"",MAX(0,G5-T5)) -> 500 | X5: =IF(A5="","",COUNT(H5:S5)) -> 3 | Y5: =IF(OR(X5="",E5="",G5=""),"",MIN(G5,X5*E5)) -> 300 | Z5: =IF(OR(T5="",N(Y5)=0),"",T5/Y5) -> 1 | AA5: =IF(OR(A5="",B5=""),"",IF(SUMPRODUCT(MAX(($B$5:$B$10004=B5)*($A$5:$A$10004<A5)*$A$5:$A$10004))=0,"",SUMPRODUCT(MAX(($B$5:$B$10004=B5)*($A$5:$A$10004<A5)*$A$5:$A$10004)))) -> 46294 | AB5: =IF(N(AA5)=0,"",SUMIFS($W$5:$W$10004,$B$5:$B$10004,B5,$A$5:$A$10004,AA5)) -> 40 | AC5: Đang chạy | AE5: =IF(AF5="","",IF(COUNTIF($AF$5:$AF$10004,AF5)>1,"TRÙNG NGÀY + CHUYỀN",IF(G5="","THIẾU MÃ CA / MỤC TIÊU GIỜ",IF(COUNTIFS(MUC_TIEU_THANG!$B$5:$B$2004,C5,MUC_TIEU_THANG!$A$5:$A$2004,">="&DATE(YEAR(A5),MONTH(A5),1),MUC_TIEU_THANG!$A$5:$A$2004,"<"&DATE(YEAR(A5),MONTH(A5)+1,1))=0,"CHƯA CÓ MỤC TIÊU THÁNG","OK")))) -> OK | AF5: =IF(OR(A5="",B5=""),"",B5&"|"&A5) -> Chuyền 1|46295
A6: 46295 | B6: Chuyền 2 | C6: BAO TAY XANH | D6: 10H | E6: 100 | F6: =IF(D6="","",IFERROR(INDEX(CAU_HINH_CA!$C$5:$C$50,MATCH(D6,CAU_HINH_CA!$A$5:$A$50,0)),"")) -> 10 | G6: =IF(OR(F6="",E6=""),"",ROUND(F6*E6,0)) -> 1000 | H6: 100 | I6: 100 | T6: =IF(COUNT(H6:S6)=0,"",SUM(H6:S6)) -> 200 | U6: =IF(OR(T6="",N(G6)=0),"",T6/G6) -> 0.2 | V6: =IF(OR(T6="",G6=""),"",T6-G6) -> -800 | W6: =IF(OR(T6="",G6=""),"",MAX(0,G6-T6)) -> 800 | X6: =IF(A6="","",COUNT(H6:S6)) -> 2 | Y6: =IF(OR(X6="",E6="",G6=""),"",MIN(G6,X6*E6)) -> 200 | Z6: =IF(OR(T6="",N(Y6)=0),"",T6/Y6) -> 1 | AA6: =IF(OR(A6="",B6=""),"",IF(SUMPRODUCT(MAX(($B$5:$B$10004=B6)*($A$5:$A$10004<A6)*$A$5:$A$10004))=0,"",SUMPRODUCT(MAX(($B$5:$B$10004=B6)*($A$5:$A$10004<A6)*$A$5:$A$10004)))) -> 46294 | AB6: =IF(N(AA6)=0,"",SUMIFS($W$5:$W$10004,$B$5:$B$10004,B6,$A$5:$A$10004,AA6)) -> 0 | AC6: Đang chạy | AE6: =IF(AF6="","",IF(COUNTIF($AF$5:$AF$10004,AF6)>1,"TRÙNG NGÀY + CHUYỀN",IF(G6="","THIẾU MÃ CA / MỤC TIÊU GIỜ",IF(COUNTIFS(MUC_TIEU_THANG!$B$5:$B$2004,C6,MUC_TIEU_THANG!$A$5:$A$2004,">="&DATE(YEAR(A6),MONTH(A6),1),MUC_TIEU_THANG!$A$5:$A$2004,"<"&DATE(YEAR(A6),MONTH(A6)+1,1))=0,"CHƯA CÓ MỤC TIÊU THÁNG","OK")))) -> OK | AF6: =IF(OR(A6="",B6=""),"",B6&"|"&A6) -> Chuyền 2|46295
A7: 46295 | B7: Chuyền 3 | C7: 883 | D7: 11H30 | E7: 185 | F7: =IF(D7="","",IFERROR(INDEX(CAU_HINH_CA!$C$5:$C$50,MATCH(D7,CAU_HINH_CA!$A$5:$A$50,0)),"")) -> 11.5 | G7: =IF(OR(F7="",E7=""),"",ROUND(F7*E7,0)) -> 2128 | H7: 180 | I7: 185 | J7: 190 | K7: 170 | T7: =IF(COUNT(H7:S7)=0,"",SUM(H7:S7)) -> 725 | U7: =IF(OR(T7="",N(G7)=0),"",T7/G7) -> 0.34069549 | V7: =IF(OR(T7="",G7=""),"",T7-G7) -> -1403 | W7: =IF(OR(T7="",G7=""),"",MAX(0,G7-T7)) -> 1403 | X7: =IF(A7="","",COUNT(H7:S7)) -> 4 | Y7: =IF(OR(X7="",E7="",G7=""),"",MIN(G7,X7*E7)) -> 740 | Z7: =IF(OR(T7="",N(Y7)=0),"",T7/Y7) -> 0.97972973 | AA7: =IF(OR(A7="",B7=""),"",IF(SUMPRODUCT(MAX(($B$5:$B$10004=B7)*($A$5:$A$10004<A7)*$A$5:$A$10004))=0,"",SUMPRODUCT(MAX(($B$5:$B$10004=B7)*($A$5:$A$10004<A7)*$A$5:$A$10004)))) -> 46294 | AB7: =IF(N(AA7)=0,"",SUMIFS($W$5:$W$10004,$B$5:$B$10004,B7,$A$5:$A$10004,AA7)) -> 0 | AC7: Đang chạy | AE7: =IF(AF7="","",IF(COUNTIF($AF$5:$AF$10004,AF7)>1,"TRÙNG NGÀY + CHUYỀN",IF(G7="","THIẾU MÃ CA / MỤC TIÊU GIỜ",IF(COUNTIFS(MUC_TIEU_THANG!$B$5:$B$2004,C7,MUC_TIEU_THANG!$A$5:$A$2004,">="&DATE(YEAR(A7),MONTH(A7),1),MUC_TIEU_THANG!$A$5:$A$2004,"<"&DATE(YEAR(A7),MONTH(A7)+1,1))=0,"CHƯA CÓ MỤC TIÊU THÁNG","OK")))) -> OK | AF7: =IF(OR(A7="",B7=""),"",B7&"|"&A7) -> Chuyền 3|46295
A8: 46295 | B8: Chuyền 4 | C8: MÃ 9H | D8: 9H | E8: 100 | F8: =IF(D8="","",IFERROR(INDEX(CAU_HINH_CA!$C$5:$C$50,MATCH(D8,CAU_HINH_CA!$A$5:$A$50,0)),"")) -> 9 | G8: =IF(OR(F8="",E8=""),"",ROUND(F8*E8,0)) -> 900 | T8: =IF(COUNT(H8:S8)=0,"",SUM(H8:S8)) | U8: =IF(OR(T8="",N(G8)=0),"",T8/G8) | V8: =IF(OR(T8="",G8=""),"",T8-G8) | W8: =IF(OR(T8="",G8=""),"",MAX(0,G8-T8)) | X8: =IF(A8="","",COUNT(H8:S8)) -> 0 | Y8: =IF(OR(X8="",E8="",G8=""),"",MIN(G8,X8*E8)) -> 0 | Z8: =IF(OR(T8="",N(Y8)=0),"",T8/Y8) | AA8: =IF(OR(A8="",B8=""),"",IF(SUMPRODUCT(MAX(($B$5:$B$10004=B8)*($A$5:$A$10004<A8)*$A$5:$A$10004))=0,"",SUMPRODUCT(MAX(($B$5:$B$10004=B8)*($A$5:$A$10004<A8)*$A$5:$A$10004)))) | AB8: =IF(N(AA8)=0,"",SUMIFS($W$5:$W$10004,$B$5:$B$10004,B8,$A$5:$A$10004,AA8)) | AC8: Đang chạy | AE8: =IF(AF8="","",IF(COUNTIF($AF$5:$AF$10004,AF8)>1,"TRÙNG NGÀY + CHUYỀN",IF(G8="","THIẾU MÃ CA / MỤC TIÊU GIỜ",IF(COUNTIFS(MUC_TIEU_THANG!$B$5:$B$2004,C8,MUC_TIEU_THANG!$A$5:$A$2004,">="&DATE(YEAR(A8),MONTH(A8),1),MUC_TIEU_THANG!$A$5:$A$2004,"<"&DATE(YEAR(A8),MONTH(A8)+1,1))=0,"CHƯA CÓ MỤC TIÊU THÁNG","OK")))) -> CHƯA CÓ MỤC TIÊU THÁNG | AF8: =IF(OR(A8="",B8=""),"",B8&"|"&A8) -> Chuyền 4|46295
A9: 46295 | B9: Chuyền 6 | C9: 567 | D9: 10H | E9: 40 | F9: =IF(D9="","",IFERROR(INDEX(CAU_HINH_CA!$C$5:$C$50,MATCH(D9,CAU_HINH_CA!$A$5:$A$50,0)),"")) -> 10 | G9: =IF(OR(F9="",E9=""),"",ROUND(F9*E9,0)) -> 400 | H9: 40 | I9: 40 | J9: 40 | K9: 40 | L9: 40 | T9: =IF(COUNT(H9:S9)=0,"",SUM(H9:S9)) -> 200 | U9: =IF(OR(T9="",N(G9)=0),"",T9/G9) -> 0.5 | V9: =IF(OR(T9="",G9=""),"",T9-G9) -> -200 | W9: =IF(OR(T9="",G9=""),"",MAX(0,G9-T9)) -> 200 | X9: =IF(A9="","",COUNT(H9:S9)) -> 5 | Y9: =IF(OR(X9="",E9="",G9=""),"",MIN(G9,X9*E9)) -> 200 | Z9: =IF(OR(T9="",N(Y9)=0),"",T9/Y9) -> 1 | AA9: =IF(OR(A9="",B9=""),"",IF(SUMPRODUCT(MAX(($B$5:$B$10004=B9)*($A$5:$A$10004<A9)*$A$5:$A$10004))=0,"",SUMPRODUCT(MAX(($B$5:$B$10004=B9)*($A$5:$A$10004<A9)*$A$5:$A$10004)))) -> 46294 | AB9: =IF(N(AA9)=0,"",SUMIFS($W$5:$W$10004,$B$5:$B$10004,B9,$A$5:$A$10004,AA9)) -> 0 | AC9: Đang chạy | AE9: =IF(AF9="","",IF(COUNTIF($AF$5:$AF$10004,AF9)>1,"TRÙNG NGÀY + CHUYỀN",IF(G9="","THIẾU MÃ CA / MỤC TIÊU GIỜ",IF(COUNTIFS(MUC_TIEU_THANG!$B$5:$B$2004,C9,MUC_TIEU_THANG!$A$5:$A$2004,">="&DATE(YEAR(A9),MONTH(A9),1),MUC_TIEU_THANG!$A$5:$A$2004,"<"&DATE(YEAR(A9),MONTH(A9)+1,1))=0,"CHƯA CÓ MỤC TIÊU THÁNG","OK")))) -> OK | AF9: =IF(OR(A9="",B9=""),"",B9&"|"&A9) -> Chuyền 6|46295
A10: 46294 | B10: Chuyền 1 | C10: ĐAI LƯNG | D10: 8H | E10: 100 | F10: =IF(D10="","",IFERROR(INDEX(CAU_HINH_CA!$C$5:$C$50,MATCH(D10,CAU_HINH_CA!$A$5:$A$50,0)),"")) -> 8 | G10: =IF(OR(F10="",E10=""),"",ROUND(F10*E10,0)) -> 800 | H10: 95 | I10: 95 | J10: 95 | K10: 95 | L10: 95 | M10: 95 | N10: 95 | O10: 95 | T10: =IF(COUNT(H10:S10)=0,"",SUM(H10:S10)) -> 760 | U10: =IF(OR(T10="",N(G10)=0),"",T10/G10) -> 0.95 | V10: =IF(OR(T10="",G10=""),"",T10-G10) -> -40 | W10: =IF(OR(T10="",G10=""),"",MAX(0,G10-T10)) -> 40 | X10: =IF(A10="","",COUNT(H10:S10)) -> 8 | Y10: =IF(OR(X10="",E10="",G10=""),"",MIN(G10,X10*E10)) -> 800 | Z10: =IF(OR(T10="",N(Y10)=0),"",T10/Y10) -> 0.95 | AA10: =IF(OR(A10="",B10=""),"",IF(SUMPRODUCT(MAX(($B$5:$B$10004=B10)*($A$5:$A$10004<A10)*$A$5:$A$10004))=0,"",SUMPRODUCT(MAX(($B$5:$B$10004=B10)*($A$5:$A$10004<A10)*$A$5:$A$10004)))) | AB10: =IF(N(AA10)=0,"",SUMIFS($W$5:$W$10004,$B$5:$B$10004,B10,$A$5:$A$10004,AA10)) | AE10: =IF(AF10="","",IF(COUNTIF($AF$5:$AF$10004,AF10)>1,"TRÙNG NGÀY + CHUYỀN",IF(G10="","THIẾU MÃ CA / MỤC TIÊU GIỜ",IF(COUNTIFS(MUC_TIEU_THANG!$B$5:$B$2004,C10,MUC_TIEU_THANG!$A$5:$A$2004,">="&DATE(YEAR(A10),MONTH(A10),1),MUC_TIEU_THANG!$A$5:$A$2004,"<"&DATE(YEAR(A10),MONTH(A10)+1,1))=0,"CHƯA CÓ MỤC TIÊU THÁNG","OK")))) -> OK | AF10: =IF(OR(A10="",B10=""),"",B10&"|"&A10) -> Chuyền 1|46294
A11: 46294 | B11: Chuyền 2 | C11: BAO TAY XANH | D11: 10H | E11: 100 | F11: =IF(D11="","",IFERROR(INDEX(CAU_HINH_CA!$C$5:$C$50,MATCH(D11,CAU_HINH_CA!$A$5:$A$50,0)),"")) -> 10 | G11: =IF(OR(F11="",E11=""),"",ROUND(F11*E11,0)) -> 1000 | H11: 100 | I11: 100 | J11: 100 | K11: 100 | L11: 100 | M11: 100 | N11: 100 | O11: 100 | P11: 100 | Q11: 100 | T11: =IF(COUNT(H11:S11)=0,"",SUM(H11:S11)) -> 1000 | U11: =IF(OR(T11="",N(G11)=0),"",T11/G11) -> 1 | V11: =IF(OR(T11="",G11=""),"",T11-G11) -> 0 | W11: =IF(OR(T11="",G11=""),"",MAX(0,G11-T11)) -> 0 | X11: =IF(A11="","",COUNT(H11:S11)) -> 10 | Y11: =IF(OR(X11="",E11="",G11=""),"",MIN(G11,X11*E11)) -> 1000 | Z11: =IF(OR(T11="",N(Y11)=0),"",T11/Y11) -> 1 | AA11: =IF(OR(A11="",B11=""),"",IF(SUMPRODUCT(MAX(($B$5:$B$10004=B11)*($A$5:$A$10004<A11)*$A$5:$A$10004))=0,"",SUMPRODUCT(MAX(($B$5:$B$10004=B11)*($A$5:$A$10004<A11)*$A$5:$A$10004)))) -> 46293 | AB11: =IF(N(AA11)=0,"",SUMIFS($W$5:$W$10004,$B$5:$B$10004,B11,$A$5:$A$10004,AA11)) -> 100 | AE11: =IF(AF11="","",IF(COUNTIF($AF$5:$AF$10004,AF11)>1,"TRÙNG NGÀY + CHUYỀN",IF(G11="","THIẾU MÃ CA / MỤC TIÊU GIỜ",IF(COUNTIFS(MUC_TIEU_THANG!$B$5:$B$2004,C11,MUC_TIEU_THANG!$A$5:$A$2004,">="&DATE(YEAR(A11),MONTH(A11),1),MUC_TIEU_THANG!$A$5:$A$2004,"<"&DATE(YEAR(A11),MONTH(A11)+1,1))=0,"CHƯA CÓ MỤC TIÊU THÁNG","OK")))) -> OK | AF11: =IF(OR(A11="",B11=""),"",B11&"|"&A11) -> Chuyền 2|46294
A12: 46294 | B12: Chuyền 3 | C12: 883 | D12: 11H30 | E12: 185 | F12: =IF(D12="","",IFERROR(INDEX(CAU_HINH_CA!$C$5:$C$50,MATCH(D12,CAU_HINH_CA!$A$5:$A$50,0)),"")) -> 11.5 | G12: =IF(OR(F12="",E12=""),"",ROUND(F12*E12,0)) -> 2128 | H12: 185 | I12: 185 | J12: 185 | K12: 185 | L12: 185 | M12: 185 | N12: 185 | O12: 185 | P12: 185 | Q12: 185 | R12: 185 | S12: 185 | T12: =IF(COUNT(H12:S12)=0,"",SUM(H12:S12)) -> 2220 | U12: =IF(OR(T12="",N(G12)=0),"",T12/G12) -> 1.0432331 | V12: =IF(OR(T12="",G12=""),"",T12-G12) -> 92 | W12: =IF(OR(T12="",G12=""),"",MAX(0,G12-T12)) -> 0 | X12: =IF(A12="","",COUNT(H12:S12)) -> 12 | Y12: =IF(OR(X12="",E12="",G12=""),"",MIN(G12,X12*E12)) -> 2128 | Z12: =IF(OR(T12="",N(Y12)=0),"",T12/Y12) -> 1.0432331 | AA12: =IF(OR(A12="",B12=""),"",IF(SUMPRODUCT(MAX(($B$5:$B$10004=B12)*($A$5:$A$10004<A12)*$A$5:$A$10004))=0,"",SUMPRODUCT(MAX(($B$5:$B$10004=B12)*($A$5:$A$10004<A12)*$A$5:$A$10004)))) | AB12: =IF(N(AA12)=0,"",SUMIFS($W$5:$W$10004,$B$5:$B$10004,B12,$A$5:$A$10004,AA12)) | AE12: =IF(AF12="","",IF(COUNTIF($AF$5:$AF$10004,AF12)>1,"TRÙNG NGÀY + CHUYỀN",IF(G12="","THIẾU MÃ CA / MỤC TIÊU GIỜ",IF(COUNTIFS(MUC_TIEU_THANG!$B$5:$B$2004,C12,MUC_TIEU_THANG!$A$5:$A$2004,">="&DATE(YEAR(A12),MONTH(A12),1),MUC_TIEU_THANG!$A$5:$A$2004,"<"&DATE(YEAR(A12),MONTH(A12)+1,1))=0,"CHƯA CÓ MỤC TIÊU THÁNG","OK")))) -> OK | AF12: =IF(OR(A12="",B12=""),"",B12&"|"&A12) -> Chuyền 3|46294
A13: 46294 | B13: Chuyền 6 | C13: 567 | D13: 10H | E13: 40 | F13: =IF(D13="","",IFERROR(INDEX(CAU_HINH_CA!$C$5:$C$50,MATCH(D13,CAU_HINH_CA!$A$5:$A$50,0)),"")) -> 10 | G13: =IF(OR(F13="",E13=""),"",ROUND(F13*E13,0)) -> 400 | H13: 50 | I13: 50 | J13: 50 | K13: 50 | L13: 50 | M13: 50 | N13: 50 | O13: 50 | P13: 50 | Q13: 50 | T13: =IF(COUNT(H13:S13)=0,"",SUM(H13:S13)) -> 500 | U13: =IF(OR(T13="",N(G13)=0),"",T13/G13) -> 1.25 | V13: =IF(OR(T13="",G13=""),"",T13-G13) -> 100 | W13: =IF(OR(T13="",G13=""),"",MAX(0,G13-T13)) -> 0 | X13: =IF(A13="","",COUNT(H13:S13)) -> 10 | Y13: =IF(OR(X13="",E13="",G13=""),"",MIN(G13,X13*E13)) -> 400 | Z13: =IF(OR(T13="",N(Y13)=0),"",T13/Y13) -> 1.25 | AA13: =IF(OR(A13="",B13=""),"",IF(SUMPRODUCT(MAX(($B$5:$B$10004=B13)*($A$5:$A$10004<A13)*$A$5:$A$10004))=0,"",SUMPRODUCT(MAX(($B$5:$B$10004=B13)*($A$5:$A$10004<A13)*$A$5:$A$10004)))) | AB13: =IF(N(AA13)=0,"",SUMIFS($W$5:$W$10004,$B$5:$B$10004,B13,$A$5:$A$10004,AA13)) | AE13: =IF(AF13="","",IF(COUNTIF($AF$5:$AF$10004,AF13)>1,"TRÙNG NGÀY + CHUYỀN",IF(G13="","THIẾU MÃ CA / MỤC TIÊU GIỜ",IF(COUNTIFS(MUC_TIEU_THANG!$B$5:$B$2004,C13,MUC_TIEU_THANG!$A$5:$A$2004,">="&DATE(YEAR(A13),MONTH(A13),1),MUC_TIEU_THANG!$A$5:$A$2004,"<"&DATE(YEAR(A13),MONTH(A13)+1,1))=0,"CHƯA CÓ MỤC TIÊU THÁNG","OK")))) -> OK | AF13: =IF(OR(A13="",B13=""),"",B13&"|"&A13) -> Chuyền 6|46294
A14: 46293 | B14: Chuyền 2 | C14: BAO TAY XANH | D14: 10H | E14: 100 | F14: =IF(D14="","",IFERROR(INDEX(CAU_HINH_CA!$C$5:$C$50,MATCH(D14,CAU_HINH_CA!$A$5:$A$50,0)),"")) -> 10 | G14: =IF(OR(F14="",E14=""),"",ROUND(F14*E14,0)) -> 1000 | H14: 90 | I14: 90 | J14: 90 | K14: 90 | L14: 90 | M14: 90 | N14: 90 | O14: 90 | P14: 90 | Q14: 90 | T14: =IF(COUNT(H14:S14)=0,"",SUM(H14:S14)) -> 900 | U14: =IF(OR(T14="",N(G14)=0),"",T14/G14) -> 0.9 | V14: =IF(OR(T14="",G14=""),"",T14-G14) -> -100 | W14: =IF(OR(T14="",G14=""),"",MAX(0,G14-T14)) -> 100 | X14: =IF(A14="","",COUNT(H14:S14)) -> 10 | Y14: =IF(OR(X14="",E14="",G14=""),"",MIN(G14,X14*E14)) -> 1000 | Z14: =IF(OR(T14="",N(Y14)=0),"",T14/Y14) -> 0.9 | AA14: =IF(OR(A14="",B14=""),"",IF(SUMPRODUCT(MAX(($B$5:$B$10004=B14)*($A$5:$A$10004<A14)*$A$5:$A$10004))=0,"",SUMPRODUCT(MAX(($B$5:$B$10004=B14)*($A$5:$A$10004<A14)*$A$5:$A$10004)))) | AB14: =IF(N(AA14)=0,"",SUMIFS($W$5:$W$10004,$B$5:$B$10004,B14,$A$5:$A$10004,AA14)) | AE14: =IF(AF14="","",IF(COUNTIF($AF$5:$AF$10004,AF14)>1,"TRÙNG NGÀY + CHUYỀN",IF(G14="","THIẾU MÃ CA / MỤC TIÊU GIỜ",IF(COUNTIFS(MUC_TIEU_THANG!$B$5:$B$2004,C14,MUC_TIEU_THANG!$A$5:$A$2004,">="&DATE(YEAR(A14),MONTH(A14),1),MUC_TIEU_THANG!$A$5:$A$2004,"<"&DATE(YEAR(A14),MONTH(A14)+1,1))=0,"CHƯA CÓ MỤC TIÊU THÁNG","OK")))) -> OK | AF14: =IF(OR(A14="",B14=""),"",B14&"|"&A14) -> Chuyền 2|46293
A15: 46295 | B15: Chuyền 5 | C15: 883 | D15: 8H | E15: 10 | F15: =IF(D15="","",IFERROR(INDEX(CAU_HINH_CA!$C$5:$C$50,MATCH(D15,CAU_HINH_CA!$A$5:$A$50,0)),"")) -> 8 | G15: =IF(OR(F15="",E15=""),"",ROUND(F15*E15,0)) -> 80 | T15: =IF(COUNT(H15:S15)=0,"",SUM(H15:S15)) | U15: =IF(OR(T15="",N(G15)=0),"",T15/G15) | V15: =IF(OR(T15="",G15=""),"",T15-G15) | W15: =IF(OR(T15="",G15=""),"",MAX(0,G15-T15)) | X15: =IF(A15="","",COUNT(H15:S15)) -> 0 | Y15: =IF(OR(X15="",E15="",G15=""),"",MIN(G15,X15*E15)) -> 0 | Z15: =IF(OR(T15="",N(Y15)=0),"",T15/Y15) | AA15: =IF(OR(A15="",B15=""),"",IF(SUMPRODUCT(MAX(($B$5:$B$10004=B15)*($A$5:$A$10004<A15)*$A$5:$A$10004))=0,"",SUMPRODUCT(MAX(($B$5:$B$10004=B15)*($A$5:$A$10004<A15)*$A$5:$A$10004)))) | AB15: =IF(N(AA15)=0,"",SUMIFS($W$5:$W$10004,$B$5:$B$10004,B15,$A$5:$A$10004,AA15)) | AE15: =IF(AF15="","",IF(COUNTIF($AF$5:$AF$10004,AF15)>1,"TRÙNG NGÀY + CHUYỀN",IF(G15="","THIẾU MÃ CA / MỤC TIÊU GIỜ",IF(COUNTIFS(MUC_TIEU_THANG!$B$5:$B$2004,C15,MUC_TIEU_THANG!$A$5:$A$2004,">="&DATE(YEAR(A15),MONTH(A15),1),MUC_TIEU_THANG!$A$5:$A$2004,"<"&DATE(YEAR(A15),MONTH(A15)+1,1))=0,"CHƯA CÓ MỤC TIÊU THÁNG","OK")))) -> TRÙNG NGÀY + CHUYỀN | AF15: =IF(OR(A15="",B15=""),"",B15&"|"&A15) -> Chuyền 5|46295
A16: 46295 | B16: Chuyền 5 | C16: 883 | D16: 8H | E16: 10 | F16: =IF(D16="","",IFERROR(INDEX(CAU_HINH_CA!$C$5:$C$50,MATCH(D16,CAU_HINH_CA!$A$5:$A$50,0)),"")) -> 8 | G16: =IF(OR(F16="",E16=""),"",ROUND(F16*E16,0)) -> 80 | H16: 5 | T16: =IF(COUNT(H16:S16)=0,"",SUM(H16:S16)) -> 5 | U16: =IF(OR(T16="",N(G16)=0),"",T16/G16) -> 0.0625 | V16: =IF(OR(T16="",G16=""),"",T16-G16) -> -75 | W16: =IF(OR(T16="",G16=""),"",MAX(0,G16-T16)) -> 75 | X16: =IF(A16="","",COUNT(H16:S16)) -> 1 | Y16: =IF(OR(X16="",E16="",G16=""),"",MIN(G16,X16*E16)) -> 10 | Z16: =IF(OR(T16="",N(Y16)=0),"",T16/Y16) -> 0.5 | AA16: =IF(OR(A16="",B16=""),"",IF(SUMPRODUCT(MAX(($B$5:$B$10004=B16)*($A$5:$A$10004<A16)*$A$5:$A$10004))=0,"",SUMPRODUCT(MAX(($B$5:$B$10004=B16)*($A$5:$A$10004<A16)*$A$5:$A$10004)))) | AB16: =IF(N(AA16)=0,"",SUMIFS($W$5:$W$10004,$B$5:$B$10004,B16,$A$5:$A$10004,AA16)) | AE16: =IF(AF16="","",IF(COUNTIF($AF$5:$AF$10004,AF16)>1,"TRÙNG NGÀY + CHUYỀN",IF(G16="","THIẾU MÃ CA / MỤC TIÊU GIỜ",IF(COUNTIFS(MUC_TIEU_THANG!$B$5:$B$2004,C16,MUC_TIEU_THANG!$A$5:$A$2004,">="&DATE(YEAR(A16),MONTH(A16),1),MUC_TIEU_THANG!$A$5:$A$2004,"<"&DATE(YEAR(A16),MONTH(A16)+1,1))=0,"CHƯA CÓ MỤC TIÊU THÁNG","OK")))) -> TRÙNG NGÀY + CHUYỀN | AF16: =IF(OR(A16="",B16=""),"",B16&"|"&A16) -> Chuyền 5|46295

Sheet MUC_TIEU_THANG
A1: 當月目標與累計 / MỤC TIÊU & LŨY KẾ THÁNG
A2: 月份 | B2: 产品代码 | C2: 当月总目标产量PCS | D2: 備註 | E2: 当月累计产能PCS | F2: 当月累计差异PCS | G2: 当月总达成率 | H2: 剩餘PCS | I2: 累計每日目標PCS | J2: 與每日目標差異PCS
A3: THÁNG | B3: MÃ SẢN PHẨM | C3: TỔNG SẢN LƯỢNG MỤC TIÊU TRONG THÁNG | D3: GHI CHÚ | E3: LŨY KẾ SẢN LƯỢNG TRONG THÁNG | F3: LŨY KẾ CHÊNH LỆCH TRONG THÁNG | G3: TỔNG ĐẠT % TRONG THÁNG | H3: CÒN THIẾU TRONG THÁNG | I3: LŨY KẾ MỤC TIÊU NGÀY (các ngày đã nhập) | J3: CHÊNH LỆCH SO VỚI MỤC TIÊU NGÀY
A4: 1 | B4: 2 | C4: 3 | D4: 4 | E4: 5 | F4: 6 | G4: 7 | H4: 8 | I4: 9 | J4: 10
A5: 46266 | B5: ĐAI LƯNG | C5: 40000 | E5: =IF(OR(A5="",B5=""),"",SUMIFS(NHAP_LIEU!$T$5:$T$10004,NHAP_LIEU!$C$5:$C$10004,B5,NHAP_LIEU!$A$5:$A$10004,">="&DATE(YEAR(A5),MONTH(A5),1),NHAP_LIEU!$A$5:$A$10004,"<"&DATE(YEAR(A5),MONTH(A5)+1,1))) -> 1060 | F5: =IF(OR(E5="",C5=""),"",E5-C5) -> -38940 | G5: =IF(OR(E5="",N(C5)=0),"",E5/C5) -> 0.0265 | H5: =IF(OR(E5="",C5=""),"",MAX(0,C5-E5)) -> 38940 | I5: =IF(OR(A5="",B5=""),"",SUMIFS(NHAP_LIEU!$G$5:$G$10004,NHAP_LIEU!$C$5:$C$10004,B5,NHAP_LIEU!$A$5:$A$10004,">="&DATE(YEAR(A5),MONTH(A5),1),NHAP_LIEU!$A$5:$A$10004,"<"&DATE(YEAR(A5),MONTH(A5)+1,1),NHAP_LIEU!$T$5:$T$10004,">=0")) -> 1600 | J5: =IF(I5="","",E5-I5) -> -540
A6: 46266 | B6: BAO TAY XANH | C6: 40000 | E6: =IF(OR(A6="",B6=""),"",SUMIFS(NHAP_LIEU!$T$5:$T$10004,NHAP_LIEU!$C$5:$C$10004,B6,NHAP_LIEU!$A$5:$A$10004,">="&DATE(YEAR(A6),MONTH(A6),1),NHAP_LIEU!$A$5:$A$10004,"<"&DATE(YEAR(A6),MONTH(A6)+1,1))) -> 2100 | F6: =IF(OR(E6="",C6=""),"",E6-C6) -> -37900 | G6: =IF(OR(E6="",N(C6)=0),"",E6/C6) -> 0.0525 | H6: =IF(OR(E6="",C6=""),"",MAX(0,C6-E6)) -> 37900 | I6: =IF(OR(A6="",B6=""),"",SUMIFS(NHAP_LIEU!$G$5:$G$10004,NHAP_LIEU!$C$5:$C$10004,B6,NHAP_LIEU!$A$5:$A$10004,">="&DATE(YEAR(A6),MONTH(A6),1),NHAP_LIEU!$A$5:$A$10004,"<"&DATE(YEAR(A6),MONTH(A6)+1,1),NHAP_LIEU!$T$5:$T$10004,">=0")) -> 3000 | J6: =IF(I6="","",E6-I6) -> -900
A7: 46266 | B7: 883 | C7: 50000 | E7: =IF(OR(A7="",B7=""),"",SUMIFS(NHAP_LIEU!$T$5:$T$10004,NHAP_LIEU!$C$5:$C$10004,B7,NHAP_LIEU!$A$5:$A$10004,">="&DATE(YEAR(A7),MONTH(A7),1),NHAP_LIEU!$A$5:$A$10004,"<"&DATE(YEAR(A7),MONTH(A7)+1,1))) -> 2950 | F7: =IF(OR(E7="",C7=""),"",E7-C7) -> -47050 | G7: =IF(OR(E7="",N(C7)=0),"",E7/C7) -> 0.059 | H7: =IF(OR(E7="",C7=""),"",MAX(0,C7-E7)) -> 47050 | I7: =IF(OR(A7="",B7=""),"",SUMIFS(NHAP_LIEU!$G$5:$G$10004,NHAP_LIEU!$C$5:$C$10004,B7,NHAP_LIEU!$A$5:$A$10004,">="&DATE(YEAR(A7),MONTH(A7),1),NHAP_LIEU!$A$5:$A$10004,"<"&DATE(YEAR(A7),MONTH(A7)+1,1),NHAP_LIEU!$T$5:$T$10004,">=0")) -> 4336 | J7: =IF(I7="","",E7-I7) -> -1386
A8: 46266 | B8: 567 | C8: 100000 | D8: Test | E8: =IF(OR(A8="",B8=""),"",SUMIFS(NHAP_LIEU!$T$5:$T$10004,NHAP_LIEU!$C$5:$C$10004,B8,NHAP_LIEU!$A$5:$A$10004,">="&DATE(YEAR(A8),MONTH(A8),1),NHAP_LIEU!$A$5:$A$10004,"<"&DATE(YEAR(A8),MONTH(A8)+1,1))) -> 700 | F8: =IF(OR(E8="",C8=""),"",E8-C8) -> -99300 | G8: =IF(OR(E8="",N(C8)=0),"",E8/C8) -> 0.007 | H8: =IF(OR(E8="",C8=""),"",MAX(0,C8-E8)) -> 99300 | I8: =IF(OR(A8="",B8=""),"",SUMIFS(NHAP_LIEU!$G$5:$G$10004,NHAP_LIEU!$C$5:$C$10004,B8,NHAP_LIEU!$A$5:$A$10004,">="&DATE(YEAR(A8),MONTH(A8),1),NHAP_LIEU!$A$5:$A$10004,"<"&DATE(YEAR(A8),MONTH(A8)+1,1),NHAP_LIEU!$T$5:$T$10004,">=0")) -> 800 | J8: =IF(I8="","",E8-I8) -> -100

Sheet HIEN_THI
A1: 電視顯示 / BẢNG HIỂN THỊ TV | G1: CHỌN NGÀY (để trống = hôm nay): | J1: 46295 | K1: ĐANG HIỂN THỊ: | M1: =IF(J1<>"",J1,SUMPRODUCT(MAX((NHAP_LIEU!$A$5:$A$10004<=TODAY())*NHAP_LIEU!$A$5:$A$10004))) -> 46295
A2: 日期 | B2: 產線 | C2: 产品代码 | D2: 工作時間 | E2: 總工時 | F2: 每小时目标产量PCS | G2: 每日目标产量PCS | H2: 每日实际产量PCS | I2: 当日达成率% | J2: 差異PCS | K2: 剩餘PCS | L2: 已輸入小時數 | M2: 累計目標PCS | N2: 進度達成率% | O2: 前一工作日 | P2: 前一日欠數PCS | Q2: 当月总目标产量PCS | R2: 当月累计产能PCS | S2: 当月总达成率 | T2: 剩餘PCS | U2: 本線當月累計PCS | V2: 第1小時 | W2: 第2小時 | X2: 第3小時 | Y2: 第4小時 | Z2: 第5小時 | AA2: 第6小時 | AB2: 第7小時 | AC2: 第8小時 | AD2: 第9小時 | AE2: 第10小時 | AF2: 第11小時 | AG2: 第12小時 | AH2: 狀態 | AI2: 備註 | AJ2: 索引
A3: NGÀY | B3: CHUYỀN | C3: MÃ SẢN PHẨM | D3: MÃ CA | E3: GIỜ CA | F3: MỤC TIÊU MỖI GIỜ | G3: MỤC TIÊU TRONG NGÀY | H3: THỰC TẾ TRONG NGÀY | I3: TỶ LỆ ĐẠT TRONG NGÀY | J3: CHÊNH LỆCH | K3: CÒN THIẾU | L3: SỐ GIỜ ĐÃ NHẬP | M3: MỤC TIÊU ĐẾN GIỜ ĐÃ NHẬP | N3: TIẾN ĐỘ THEO GIỜ | O3: NGÀY LÀM TRƯỚC | P3: THIẾU HÔM TRƯỚC | Q3: MỤC TIÊU THÁNG (SẢN PHẨM) | R3: LŨY KẾ THÁNG (SẢN PHẨM, đến ngày này) | S3: TỶ LỆ ĐẠT THÁNG | T3: CÒN THIẾU THÁNG | U3: LŨY KẾ THÁNG CỦA CHUYỀN | V3: GIỜ 1 | W3: GIỜ 2 | X3: GIỜ 3 | Y3: GIỜ 4 | Z3: GIỜ 5 | AA3: GIỜ 6 | AB3: GIỜ 7 | AC3: GIỜ 8 | AD3: GIỜ 9 | AE3: GIỜ 10 | AF3: GIỜ 11 | AG3: GIỜ 12 | AH3: TRẠNG THÁI | AI3: GHI CHÚ | AJ3: DÒNG NHẬP LIỆU (máy dùng)
A4: 1 | B4: 2 | C4: 3 | D4: 4 | E4: 5 | F4: 6 | G4: 7 | H4: 8 | I4: 9 | J4: 10 | K4: 11 | L4: 12 | M4: 13 | N4: 14 | O4: 15 | P4: 16 | Q4: 17 | R4: 18 | S4: 19 | T4: 20 | U4: 21 | V4: 22 | W4: 23 | X4: 24 | Y4: 25 | Z4: 26 | AA4: 27 | AB4: 28 | AC4: 29 | AD4: 30 | AE4: 31 | AF4: 32 | AG4: 33 | AH4: 34 | AI4: 35 | AJ4: 36
A5: =IF(B5="","",$M$1) -> 46295 | B5: =IF(DANH_SACH_CHUYEN!B5="","",DANH_SACH_CHUYEN!B5) -> Chuyền 1 | C5: =IF($AJ5="","",IF(INDEX(NHAP_LIEU!$C$5:$C$10004,$AJ5)="","",INDEX(NHAP_LIEU!$C$5:$C$10004,$AJ5))) -> ĐAI LƯNG | D5: =IF($AJ5="","",IF(INDEX(NHAP_LIEU!$D$5:$D$10004,$AJ5)="","",INDEX(NHAP_LIEU!$D$5:$D$10004,$AJ5))) -> 8H | E5: =IF($AJ5="","",IF(INDEX(NHAP_LIEU!$F$5:$F$10004,$AJ5)="","",INDEX(NHAP_LIEU!$F$5:$F$10004,$AJ5))) -> 8 | F5: =IF($AJ5="","",IF(INDEX(NHAP_LIEU!$E$5:$E$10004,$AJ5)="","",INDEX(NHAP_LIEU!$E$5:$E$10004,$AJ5))) -> 100 | G5: =IF($AJ5="","",IF(INDEX(NHAP_LIEU!$G$5:$G$10004,$AJ5)="","",INDEX(NHAP_LIEU!$G$5:$G$10004,$AJ5))) -> 800 | H5: =IF($AJ5="","",IF(INDEX(NHAP_LIEU!$T$5:$T$10004,$AJ5)="","",INDEX(NHAP_LIEU!$T$5:$T$10004,$AJ5))) -> 300 | I5: =IF($AJ5="","",IF(INDEX(NHAP_LIEU!$U$5:$U$10004,$AJ5)="","",INDEX(NHAP_LIEU!$U$5:$U$10004,$AJ5))) -> 0.375 | J5: =IF($AJ5="","",IF(INDEX(NHAP_LIEU!$V$5:$V$10004,$AJ5)="","",INDEX(NHAP_LIEU!$V$5:$V$10004,$AJ5))) -> -500 | K5: =IF($AJ5="","",IF(INDEX(NHAP_LIEU!$W$5:$W$10004,$AJ5)="","",INDEX(NHAP_LIEU!$W$5:$W$10004,$AJ5))) -> 500 | L5: =IF($AJ5="","",IF(INDEX(NHAP_LIEU!$X$5:$X$10004,$AJ5)="","",INDEX(NHAP_LIEU!$X$5:$X$10004,$AJ5))) -> 3 | M5: =IF($AJ5="","",IF(INDEX(NHAP_LIEU!$Y$5:$Y$10004,$AJ5)="","",INDEX(NHAP_LIEU!$Y$5:$Y$10004,$AJ5))) -> 300 | N5: =IF($AJ5="","",IF(INDEX(NHAP_LIEU!$Z$5:$Z$10004,$AJ5)="","",INDEX(NHAP_LIEU!$Z$5:$Z$10004,$AJ5))) -> 1 | O5: =IF($AJ5="","",IF(INDEX(NHAP_LIEU!$AA$5:$AA$10004,$AJ5)="","",INDEX(NHAP_LIEU!$AA$5:$AA$10004,$AJ5))) -> 46294 | P5: =IF($AJ5="","",IF(INDEX(NHAP_LIEU!$AB$5:$AB$10004,$AJ5)="","",INDEX(NHAP_LIEU!$AB$5:$AB$10004,$AJ5))) -> 40 | Q5: =IF(C5="","",SUMIFS(MUC_TIEU_THANG!$C$5:$C$2004,MUC_TIEU_THANG!$B$5:$B$2004,C5,MUC_TIEU_THANG!$A$5:$A$2004,">="&DATE(YEAR(A5),MONTH(A5),1),MUC_TIEU_THANG!$A$5:$A$2004,"<"&DATE(YEAR(A5),MONTH(A5)+1,1))) -> 40000 | R5: =IF(C5="","",SUMIFS(NHAP_LIEU!$T$5:$T$10004,NHAP_LIEU!$C$5:$C$10004,C5,NHAP_LIEU!$A$5:$A$10004,">="&DATE(YEAR(A5),MONTH(A5),1),NHAP_LIEU!$A$5:$A$10004,"<="&A5)) -> 1060 | S5: =IF(OR(R5="",N(Q5)=0),"",R5/Q5) -> 0.0265 | T5: =IF(OR(R5="",N(Q5)=0),"",MAX(0,Q5-R5)) -> 38940 | U5: =IF(B5="","",SUMIFS(NHAP_LIEU!$T$5:$T$10004,NHAP_LIEU!$B$5:$B$10004,B5,NHAP_LIEU!$A$5:$A$10004,">="&DATE(YEAR(A5),MONTH(A5),1),NHAP_LIEU!$A$5:$A$10004,"<="&A5)) -> 1060 | V5: =IF($AJ5="","",IF(INDEX(NHAP_LIEU!$H$5:$H$10004,$AJ5)="","",INDEX(NHAP_LIEU!$H$5:$H$10004,$AJ5))) -> 100 | W5: =IF($AJ5="","",IF(INDEX(NHAP_LIEU!$I$5:$I$10004,$AJ5)="","",INDEX(NHAP_LIEU!$I$5:$I$10004,$AJ5))) -> 90 | X5: =IF($AJ5="","",IF(INDEX(NHAP_LIEU!$J$5:$J$10004,$AJ5)="","",INDEX(NHAP_LIEU!$J$5:$J$10004,$AJ5))) -> 110 | Y5: =IF($AJ5="","",IF(INDEX(NHAP_LIEU!$K$5:$K$10004,$AJ5)="","",INDEX(NHAP_LIEU!$K$5:$K$10004,$AJ5))) | Z5: =IF($AJ5="","",IF(INDEX(NHAP_LIEU!$L$5:$L$10004,$AJ5)="","",INDEX(NHAP_LIEU!$L$5:$L$10004,$AJ5))) | AA5: =IF($AJ5="","",IF(INDEX(NHAP_LIEU!$M$5:$M$10004,$AJ5)="","",INDEX(NHAP_LIEU!$M$5:$M$10004,$AJ5))) | AB5: =IF($AJ5="","",IF(INDEX(NHAP_LIEU!$N$5:$N$10004,$AJ5)="","",INDEX(NHAP_LIEU!$N$5:$N$10004,$AJ5))) | AC5: =IF($AJ5="","",IF(INDEX(NHAP_LIEU!$O$5:$O$10004,$AJ5)="","",INDEX(NHAP_LIEU!$O$5:$O$10004,$AJ5))) | AD5: =IF($AJ5="","",IF(INDEX(NHAP_LIEU!$P$5:$P$10004,$AJ5)="","",INDEX(NHAP_LIEU!$P$5:$P$10004,$AJ5))) | AE5: =IF($AJ5="","",IF(INDEX(NHAP_LIEU!$Q$5:$Q$10004,$AJ5)="","",INDEX(NHAP_LIEU!$Q$5:$Q$10004,$AJ5))) | AF5: =IF($AJ5="","",IF(INDEX(NHAP_LIEU!$R$5:$R$10004,$AJ5)="","",INDEX(NHAP_LIEU!$R$5:$R$10004,$AJ5))) | AG5: =IF($AJ5="","",IF(INDEX(NHAP_LIEU!$S$5:$S$10004,$AJ5)="","",INDEX(NHAP_LIEU!$S$5:$S$10004,$AJ5))) | AH5: =IF($AJ5="","",IF(INDEX(NHAP_LIEU!$AC$5:$AC$10004,$AJ5)="","",INDEX(NHAP_LIEU!$AC$5:$AC$10004,$AJ5))) -> Đang chạy | AI5: =IF($AJ5="","",IF(INDEX(NHAP_LIEU!$AD$5:$AD$10004,$AJ5)="","",INDEX(NHAP_LIEU!$AD$5:$AD$10004,$AJ5))) | AJ5: =IF(OR(B5="",A5=""),"",IFERROR(MATCH(B5&"|"&A5,NHAP_LIEU!$AF$5:$AF$10004,0),"")) -> 1
A6: =IF(B6="","",$M$1) -> 46295 | B6: =IF(DANH_SACH_CHUYEN!B6="","",DANH_SACH_CHUYEN!B6) -> Chuyền 2 | C6: =IF($AJ6="","",IF(INDEX(NHAP_LIEU!$C$5:$C$10004,$AJ6)="","",INDEX(NHAP_LIEU!$C$5:$C$10004,$AJ6))) -> BAO TAY XANH | D6: =IF($AJ6="","",IF(INDEX(NHAP_LIEU!$D$5:$D$10004,$AJ6)="","",INDEX(NHAP_LIEU!$D$5:$D$10004,$AJ6))) -> 10H | E6: =IF($AJ6="","",IF(INDEX(NHAP_LIEU!$F$5:$F$10004,$AJ6)="","",INDEX(NHAP_LIEU!$F$5:$F$10004,$AJ6))) -> 10 | F6: =IF($AJ6="","",IF(INDEX(NHAP_LIEU!$E$5:$E$10004,$AJ6)="","",INDEX(NHAP_LIEU!$E$5:$E$10004,$AJ6))) -> 100 | G6: =IF($AJ6="","",IF(INDEX(NHAP_LIEU!$G$5:$G$10004,$AJ6)="","",INDEX(NHAP_LIEU!$G$5:$G$10004,$AJ6))) -> 1000 | H6: =IF($AJ6="","",IF(INDEX(NHAP_LIEU!$T$5:$T$10004,$AJ6)="","",INDEX(NHAP_LIEU!$T$5:$T$10004,$AJ6))) -> 200 | I6: =IF($AJ6="","",IF(INDEX(NHAP_LIEU!$U$5:$U$10004,$AJ6)="","",INDEX(NHAP_LIEU!$U$5:$U$10004,$AJ6))) -> 0.2 | J6: =IF($AJ6="","",IF(INDEX(NHAP_LIEU!$V$5:$V$10004,$AJ6)="","",INDEX(NHAP_LIEU!$V$5:$V$10004,$AJ6))) -> -800 | K6: =IF($AJ6="","",IF(INDEX(NHAP_LIEU!$W$5:$W$10004,$AJ6)="","",INDEX(NHAP_LIEU!$W$5:$W$10004,$AJ6))) -> 800 | L6: =IF($AJ6="","",IF(INDEX(NHAP_LIEU!$X$5:$X$10004,$AJ6)="","",INDEX(NHAP_LIEU!$X$5:$X$10004,$AJ6))) -> 2 | M6: =IF($AJ6="","",IF(INDEX(NHAP_LIEU!$Y$5:$Y$10004,$AJ6)="","",INDEX(NHAP_LIEU!$Y$5:$Y$10004,$AJ6))) -> 200 | N6: =IF($AJ6="","",IF(INDEX(NHAP_LIEU!$Z$5:$Z$10004,$AJ6)="","",INDEX(NHAP_LIEU!$Z$5:$Z$10004,$AJ6))) -> 1 | O6: =IF($AJ6="","",IF(INDEX(NHAP_LIEU!$AA$5:$AA$10004,$AJ6)="","",INDEX(NHAP_LIEU!$AA$5:$AA$10004,$AJ6))) -> 46294 | P6: =IF($AJ6="","",IF(INDEX(NHAP_LIEU!$AB$5:$AB$10004,$AJ6)="","",INDEX(NHAP_LIEU!$AB$5:$AB$10004,$AJ6))) -> 0 | Q6: =IF(C6="","",SUMIFS(MUC_TIEU_THANG!$C$5:$C$2004,MUC_TIEU_THANG!$B$5:$B$2004,C6,MUC_TIEU_THANG!$A$5:$A$2004,">="&DATE(YEAR(A6),MONTH(A6),1),MUC_TIEU_THANG!$A$5:$A$2004,"<"&DATE(YEAR(A6),MONTH(A6)+1,1))) -> 40000 | R6: =IF(C6="","",SUMIFS(NHAP_LIEU!$T$5:$T$10004,NHAP_LIEU!$C$5:$C$10004,C6,NHAP_LIEU!$A$5:$A$10004,">="&DATE(YEAR(A6),MONTH(A6),1),NHAP_LIEU!$A$5:$A$10004,"<="&A6)) -> 2100 | S6: =IF(OR(R6="",N(Q6)=0),"",R6/Q6) -> 0.0525 | T6: =IF(OR(R6="",N(Q6)=0),"",MAX(0,Q6-R6)) -> 37900 | U6: =IF(B6="","",SUMIFS(NHAP_LIEU!$T$5:$T$10004,NHAP_LIEU!$B$5:$B$10004,B6,NHAP_LIEU!$A$5:$A$10004,">="&DATE(YEAR(A6),MONTH(A6),1),NHAP_LIEU!$A$5:$A$10004,"<="&A6)) -> 2100 | V6: =IF($AJ6="","",IF(INDEX(NHAP_LIEU!$H$5:$H$10004,$AJ6)="","",INDEX(NHAP_LIEU!$H$5:$H$10004,$AJ6))) -> 100 | W6: =IF($AJ6="","",IF(INDEX(NHAP_LIEU!$I$5:$I$10004,$AJ6)="","",INDEX(NHAP_LIEU!$I$5:$I$10004,$AJ6))) -> 100 | X6: =IF($AJ6="","",IF(INDEX(NHAP_LIEU!$J$5:$J$10004,$AJ6)="","",INDEX(NHAP_LIEU!$J$5:$J$10004,$AJ6))) | Y6: =IF($AJ6="","",IF(INDEX(NHAP_LIEU!$K$5:$K$10004,$AJ6)="","",INDEX(NHAP_LIEU!$K$5:$K$10004,$AJ6))) | Z6: =IF($AJ6="","",IF(INDEX(NHAP_LIEU!$L$5:$L$10004,$AJ6)="","",INDEX(NHAP_LIEU!$L$5:$L$10004,$AJ6))) | AA6: =IF($AJ6="","",IF(INDEX(NHAP_LIEU!$M$5:$M$10004,$AJ6)="","",INDEX(NHAP_LIEU!$M$5:$M$10004,$AJ6))) | AB6: =IF($AJ6="","",IF(INDEX(NHAP_LIEU!$N$5:$N$10004,$AJ6)="","",INDEX(NHAP_LIEU!$N$5:$N$10004,$AJ6))) | AC6: =IF($AJ6="","",IF(INDEX(NHAP_LIEU!$O$5:$O$10004,$AJ6)="","",INDEX(NHAP_LIEU!$O$5:$O$10004,$AJ6))) | AD6: =IF($AJ6="","",IF(INDEX(NHAP_LIEU!$P$5:$P$10004,$AJ6)="","",INDEX(NHAP_LIEU!$P$5:$P$10004,$AJ6))) | AE6: =IF($AJ6="","",IF(INDEX(NHAP_LIEU!$Q$5:$Q$10004,$AJ6)="","",INDEX(NHAP_LIEU!$Q$5:$Q$10004,$AJ6))) | AF6: =IF($AJ6="","",IF(INDEX(NHAP_LIEU!$R$5:$R$10004,$AJ6)="","",INDEX(NHAP_LIEU!$R$5:$R$10004,$AJ6))) | AG6: =IF($AJ6="","",IF(INDEX(NHAP_LIEU!$S$5:$S$10004,$AJ6)="","",INDEX(NHAP_LIEU!$S$5:$S$10004,$AJ6))) | AH6: =IF($AJ6="","",IF(INDEX(NHAP_LIEU!$AC$5:$AC$10004,$AJ6)="","",INDEX(NHAP_LIEU!$AC$5:$AC$10004,$AJ6))) -> Đang chạy | AI6: =IF($AJ6="","",IF(INDEX(NHAP_LIEU!$AD$5:$AD$10004,$AJ6)="","",INDEX(NHAP_LIEU!$AD$5:$AD$10004,$AJ6))) | AJ6: =IF(OR(B6="",A6=""),"",IFERROR(MATCH(B6&"|"&A6,NHAP_LIEU!$AF$5:$AF$10004,0),"")) -> 2
A7: =IF(B7="","",$M$1) -> 46295 | B7: =IF(DANH_SACH_CHUYEN!B7="","",DANH_SACH_CHUYEN!B7) -> Chuyền 3 | C7: =IF($AJ7="","",IF(INDEX(NHAP_LIEU!$C$5:$C$10004,$AJ7)="","",INDEX(NHAP_LIEU!$C$5:$C$10004,$AJ7))) -> 883 | D7: =IF($AJ7="","",IF(INDEX(NHAP_LIEU!$D$5:$D$10004,$AJ7)="","",INDEX(NHAP_LIEU!$D$5:$D$10004,$AJ7))) -> 11H30 | E7: =IF($AJ7="","",IF(INDEX(NHAP_LIEU!$F$5:$F$10004,$AJ7)="","",INDEX(NHAP_LIEU!$F$5:$F$10004,$AJ7))) -> 11.5 | F7: =IF($AJ7="","",IF(INDEX(NHAP_LIEU!$E$5:$E$10004,$AJ7)="","",INDEX(NHAP_LIEU!$E$5:$E$10004,$AJ7))) -> 185 | G7: =IF($AJ7="","",IF(INDEX(NHAP_LIEU!$G$5:$G$10004,$AJ7)="","",INDEX(NHAP_LIEU!$G$5:$G$10004,$AJ7))) -> 2128 | H7: =IF($AJ7="","",IF(INDEX(NHAP_LIEU!$T$5:$T$10004,$AJ7)="","",INDEX(NHAP_LIEU!$T$5:$T$10004,$AJ7))) -> 725 | I7: =IF($AJ7="","",IF(INDEX(NHAP_LIEU!$U$5:$U$10004,$AJ7)="","",INDEX(NHAP_LIEU!$U$5:$U$10004,$AJ7))) -> 0.34069549 | J7: =IF($AJ7="","",IF(INDEX(NHAP_LIEU!$V$5:$V$10004,$AJ7)="","",INDEX(NHAP_LIEU!$V$5:$V$10004,$AJ7))) -> -1403 | K7: =IF($AJ7="","",IF(INDEX(NHAP_LIEU!$W$5:$W$10004,$AJ7)="","",INDEX(NHAP_LIEU!$W$5:$W$10004,$AJ7))) -> 1403 | L7: =IF($AJ7="","",IF(INDEX(NHAP_LIEU!$X$5:$X$10004,$AJ7)="","",INDEX(NHAP_LIEU!$X$5:$X$10004,$AJ7))) -> 4 | M7: =IF($AJ7="","",IF(INDEX(NHAP_LIEU!$Y$5:$Y$10004,$AJ7)="","",INDEX(NHAP_LIEU!$Y$5:$Y$10004,$AJ7))) -> 740 | N7: =IF($AJ7="","",IF(INDEX(NHAP_LIEU!$Z$5:$Z$10004,$AJ7)="","",INDEX(NHAP_LIEU!$Z$5:$Z$10004,$AJ7))) -> 0.97972973 | O7: =IF($AJ7="","",IF(INDEX(NHAP_LIEU!$AA$5:$AA$10004,$AJ7)="","",INDEX(NHAP_LIEU!$AA$5:$AA$10004,$AJ7))) -> 46294 | P7: =IF($AJ7="","",IF(INDEX(NHAP_LIEU!$AB$5:$AB$10004,$AJ7)="","",INDEX(NHAP_LIEU!$AB$5:$AB$10004,$AJ7))) -> 0 | Q7: =IF(C7="","",SUMIFS(MUC_TIEU_THANG!$C$5:$C$2004,MUC_TIEU_THANG!$B$5:$B$2004,C7,MUC_TIEU_THANG!$A$5:$A$2004,">="&DATE(YEAR(A7),MONTH(A7),1),MUC_TIEU_THANG!$A$5:$A$2004,"<"&DATE(YEAR(A7),MONTH(A7)+1,1))) -> 50000 | R7: =IF(C7="","",SUMIFS(NHAP_LIEU!$T$5:$T$10004,NHAP_LIEU!$C$5:$C$10004,C7,NHAP_LIEU!$A$5:$A$10004,">="&DATE(YEAR(A7),MONTH(A7),1),NHAP_LIEU!$A$5:$A$10004,"<="&A7)) -> 2950 | S7: =IF(OR(R7="",N(Q7)=0),"",R7/Q7) -> 0.059 | T7: =IF(OR(R7="",N(Q7)=0),"",MAX(0,Q7-R7)) -> 47050 | U7: =IF(B7="","",SUMIFS(NHAP_LIEU!$T$5:$T$10004,NHAP_LIEU!$B$5:$B$10004,B7,NHAP_LIEU!$A$5:$A$10004,">="&DATE(YEAR(A7),MONTH(A7),1),NHAP_LIEU!$A$5:$A$10004,"<="&A7)) -> 2945 | V7: =IF($AJ7="","",IF(INDEX(NHAP_LIEU!$H$5:$H$10004,$AJ7)="","",INDEX(NHAP_LIEU!$H$5:$H$10004,$AJ7))) -> 180 | W7: =IF($AJ7="","",IF(INDEX(NHAP_LIEU!$I$5:$I$10004,$AJ7)="","",INDEX(NHAP_LIEU!$I$5:$I$10004,$AJ7))) -> 185 | X7: =IF($AJ7="","",IF(INDEX(NHAP_LIEU!$J$5:$J$10004,$AJ7)="","",INDEX(NHAP_LIEU!$J$5:$J$10004,$AJ7))) -> 190 | Y7: =IF($AJ7="","",IF(INDEX(NHAP_LIEU!$K$5:$K$10004,$AJ7)="","",INDEX(NHAP_LIEU!$K$5:$K$10004,$AJ7))) -> 170 | Z7: =IF($AJ7="","",IF(INDEX(NHAP_LIEU!$L$5:$L$10004,$AJ7)="","",INDEX(NHAP_LIEU!$L$5:$L$10004,$AJ7))) | AA7: =IF($AJ7="","",IF(INDEX(NHAP_LIEU!$M$5:$M$10004,$AJ7)="","",INDEX(NHAP_LIEU!$M$5:$M$10004,$AJ7))) | AB7: =IF($AJ7="","",IF(INDEX(NHAP_LIEU!$N$5:$N$10004,$AJ7)="","",INDEX(NHAP_LIEU!$N$5:$N$10004,$AJ7))) | AC7: =IF($AJ7="","",IF(INDEX(NHAP_LIEU!$O$5:$O$10004,$AJ7)="","",INDEX(NHAP_LIEU!$O$5:$O$10004,$AJ7))) | AD7: =IF($AJ7="","",IF(INDEX(NHAP_LIEU!$P$5:$P$10004,$AJ7)="","",INDEX(NHAP_LIEU!$P$5:$P$10004,$AJ7))) | AE7: =IF($AJ7="","",IF(INDEX(NHAP_LIEU!$Q$5:$Q$10004,$AJ7)="","",INDEX(NHAP_LIEU!$Q$5:$Q$10004,$AJ7))) | AF7: =IF($AJ7="","",IF(INDEX(NHAP_LIEU!$R$5:$R$10004,$AJ7)="","",INDEX(NHAP_LIEU!$R$5:$R$10004,$AJ7))) | AG7: =IF($AJ7="","",IF(INDEX(NHAP_LIEU!$S$5:$S$10004,$AJ7)="","",INDEX(NHAP_LIEU!$S$5:$S$10004,$AJ7))) | AH7: =IF($AJ7="","",IF(INDEX(NHAP_LIEU!$AC$5:$AC$10004,$AJ7)="","",INDEX(NHAP_LIEU!$AC$5:$AC$10004,$AJ7))) -> Đang chạy | AI7: =IF($AJ7="","",IF(INDEX(NHAP_LIEU!$AD$5:$AD$10004,$AJ7)="","",INDEX(NHAP_LIEU!$AD$5:$AD$10004,$AJ7))) | AJ7: =IF(OR(B7="",A7=""),"",IFERROR(MATCH(B7&"|"&A7,NHAP_LIEU!$AF$5:$AF$10004,0),"")) -> 3
A8: =IF(B8="","",$M$1) -> 46295 | B8: =IF(DANH_SACH_CHUYEN!B8="","",DANH_SACH_CHUYEN!B8) -> Chuyền 4 | C8: =IF($AJ8="","",IF(INDEX(NHAP_LIEU!$C$5:$C$10004,$AJ8)="","",INDEX(NHAP_LIEU!$C$5:$C$10004,$AJ8))) -> MÃ 9H | D8: =IF($AJ8="","",IF(INDEX(NHAP_LIEU!$D$5:$D$10004,$AJ8)="","",INDEX(NHAP_LIEU!$D$5:$D$10004,$AJ8))) -> 9H | E8: =IF($AJ8="","",IF(INDEX(NHAP_LIEU!$F$5:$F$10004,$AJ8)="","",INDEX(NHAP_LIEU!$F$5:$F$10004,$AJ8))) -> 9 | F8: =IF($AJ8="","",IF(INDEX(NHAP_LIEU!$E$5:$E$10004,$AJ8)="","",INDEX(NHAP_LIEU!$E$5:$E$10004,$AJ8))) -> 100 | G8: =IF($AJ8="","",IF(INDEX(NHAP_LIEU!$G$5:$G$10004,$AJ8)="","",INDEX(NHAP_LIEU!$G$5:$G$10004,$AJ8))) -> 900 | H8: =IF($AJ8="","",IF(INDEX(NHAP_LIEU!$T$5:$T$10004,$AJ8)="","",INDEX(NHAP_LIEU!$T$5:$T$10004,$AJ8))) | I8: =IF($AJ8="","",IF(INDEX(NHAP_LIEU!$U$5:$U$10004,$AJ8)="","",INDEX(NHAP_LIEU!$U$5:$U$10004,$AJ8))) | J8: =IF($AJ8="","",IF(INDEX(NHAP_LIEU!$V$5:$V$10004,$AJ8)="","",INDEX(NHAP_LIEU!$V$5:$V$10004,$AJ8))) | K8: =IF($AJ8="","",IF(INDEX(NHAP_LIEU!$W$5:$W$10004,$AJ8)="","",INDEX(NHAP_LIEU!$W$5:$W$10004,$AJ8))) | L8: =IF($AJ8="","",IF(INDEX(NHAP_LIEU!$X$5:$X$10004,$AJ8)="","",INDEX(NHAP_LIEU!$X$5:$X$10004,$AJ8))) -> 0 | M8: =IF($AJ8="","",IF(INDEX(NHAP_LIEU!$Y$5:$Y$10004,$AJ8)="","",INDEX(NHAP_LIEU!$Y$5:$Y$10004,$AJ8))) -> 0 | N8: =IF($AJ8="","",IF(INDEX(NHAP_LIEU!$Z$5:$Z$10004,$AJ8)="","",INDEX(NHAP_LIEU!$Z$5:$Z$10004,$AJ8))) | O8: =IF($AJ8="","",IF(INDEX(NHAP_LIEU!$AA$5:$AA$10004,$AJ8)="","",INDEX(NHAP_LIEU!$AA$5:$AA$10004,$AJ8))) | P8: =IF($AJ8="","",IF(INDEX(NHAP_LIEU!$AB$5:$AB$10004,$AJ8)="","",INDEX(NHAP_LIEU!$AB$5:$AB$10004,$AJ8))) | Q8: =IF(C8="","",SUMIFS(MUC_TIEU_THANG!$C$5:$C$2004,MUC_TIEU_THANG!$B$5:$B$2004,C8,MUC_TIEU_THANG!$A$5:$A$2004,">="&DATE(YEAR(A8),MONTH(A8),1),MUC_TIEU_THANG!$A$5:$A$2004,"<"&DATE(YEAR(A8),MONTH(A8)+1,1))) -> 0 | R8: =IF(C8="","",SUMIFS(NHAP_LIEU!$T$5:$T$10004,NHAP_LIEU!$C$5:$C$10004,C8,NHAP_LIEU!$A$5:$A$10004,">="&DATE(YEAR(A8),MONTH(A8),1),NHAP_LIEU!$A$5:$A$10004,"<="&A8)) -> 0 | S8: =IF(OR(R8="",N(Q8)=0),"",R8/Q8) | T8: =IF(OR(R8="",N(Q8)=0),"",MAX(0,Q8-R8)) | U8: =IF(B8="","",SUMIFS(NHAP_LIEU!$T$5:$T$10004,NHAP_LIEU!$B$5:$B$10004,B8,NHAP_LIEU!$A$5:$A$10004,">="&DATE(YEAR(A8),MONTH(A8),1),NHAP_LIEU!$A$5:$A$10004,"<="&A8)) -> 0 | V8: =IF($AJ8="","",IF(INDEX(NHAP_LIEU!$H$5:$H$10004,$AJ8)="","",INDEX(NHAP_LIEU!$H$5:$H$10004,$AJ8))) | W8: =IF($AJ8="","",IF(INDEX(NHAP_LIEU!$I$5:$I$10004,$AJ8)="","",INDEX(NHAP_LIEU!$I$5:$I$10004,$AJ8))) | X8: =IF($AJ8="","",IF(INDEX(NHAP_LIEU!$J$5:$J$10004,$AJ8)="","",INDEX(NHAP_LIEU!$J$5:$J$10004,$AJ8))) | Y8: =IF($AJ8="","",IF(INDEX(NHAP_LIEU!$K$5:$K$10004,$AJ8)="","",INDEX(NHAP_LIEU!$K$5:$K$10004,$AJ8))) | Z8: =IF($AJ8="","",IF(INDEX(NHAP_LIEU!$L$5:$L$10004,$AJ8)="","",INDEX(NHAP_LIEU!$L$5:$L$10004,$AJ8))) | AA8: =IF($AJ8="","",IF(INDEX(NHAP_LIEU!$M$5:$M$10004,$AJ8)="","",INDEX(NHAP_LIEU!$M$5:$M$10004,$AJ8))) | AB8: =IF($AJ8="","",IF(INDEX(NHAP_LIEU!$N$5:$N$10004,$AJ8)="","",INDEX(NHAP_LIEU!$N$5:$N$10004,$AJ8))) | AC8: =IF($AJ8="","",IF(INDEX(NHAP_LIEU!$O$5:$O$10004,$AJ8)="","",INDEX(NHAP_LIEU!$O$5:$O$10004,$AJ8))) | AD8: =IF($AJ8="","",IF(INDEX(NHAP_LIEU!$P$5:$P$10004,$AJ8)="","",INDEX(NHAP_LIEU!$P$5:$P$10004,$AJ8))) | AE8: =IF($AJ8="","",IF(INDEX(NHAP_LIEU!$Q$5:$Q$10004,$AJ8)="","",INDEX(NHAP_LIEU!$Q$5:$Q$10004,$AJ8))) | AF8: =IF($AJ8="","",IF(INDEX(NHAP_LIEU!$R$5:$R$10004,$AJ8)="","",INDEX(NHAP_LIEU!$R$5:$R$10004,$AJ8))) | AG8: =IF($AJ8="","",IF(INDEX(NHAP_LIEU!$S$5:$S$10004,$AJ8)="","",INDEX(NHAP_LIEU!$S$5:$S$10004,$AJ8))) | AH8: =IF($AJ8="","",IF(INDEX(NHAP_LIEU!$AC$5:$AC$10004,$AJ8)="","",INDEX(NHAP_LIEU!$AC$5:$AC$10004,$AJ8))) -> Đang chạy | AI8: =IF($AJ8="","",IF(INDEX(NHAP_LIEU!$AD$5:$AD$10004,$AJ8)="","",INDEX(NHAP_LIEU!$AD$5:$AD$10004,$AJ8))) | AJ8: =IF(OR(B8="",A8=""),"",IFERROR(MATCH(B8&"|"&A8,NHAP_LIEU!$AF$5:$AF$10004,0),"")) -> 4
A9: =IF(B9="","",$M$1) -> 46295 | B9: =IF(DANH_SACH_CHUYEN!B9="","",DANH_SACH_CHUYEN!B9) -> Chuyền 5 | C9: =IF($AJ9="","",IF(INDEX(NHAP_LIEU!$C$5:$C$10004,$AJ9)="","",INDEX(NHAP_LIEU!$C$5:$C$10004,$AJ9))) -> 883 | D9: =IF($AJ9="","",IF(INDEX(NHAP_LIEU!$D$5:$D$10004,$AJ9)="","",INDEX(NHAP_LIEU!$D$5:$D$10004,$AJ9))) -> 8H | E9: =IF($AJ9="","",IF(INDEX(NHAP_LIEU!$F$5:$F$10004,$AJ9)="","",INDEX(NHAP_LIEU!$F$5:$F$10004,$AJ9))) -> 8 | F9: =IF($AJ9="","",IF(INDEX(NHAP_LIEU!$E$5:$E$10004,$AJ9)="","",INDEX(NHAP_LIEU!$E$5:$E$10004,$AJ9))) -> 10 | G9: =IF($AJ9="","",IF(INDEX(NHAP_LIEU!$G$5:$G$10004,$AJ9)="","",INDEX(NHAP_LIEU!$G$5:$G$10004,$AJ9))) -> 80 | H9: =IF($AJ9="","",IF(INDEX(NHAP_LIEU!$T$5:$T$10004,$AJ9)="","",INDEX(NHAP_LIEU!$T$5:$T$10004,$AJ9))) | I9: =IF($AJ9="","",IF(INDEX(NHAP_LIEU!$U$5:$U$10004,$AJ9)="","",INDEX(NHAP_LIEU!$U$5:$U$10004,$AJ9))) | J9: =IF($AJ9="","",IF(INDEX(NHAP_LIEU!$V$5:$V$10004,$AJ9)="","",INDEX(NHAP_LIEU!$V$5:$V$10004,$AJ9))) | K9: =IF($AJ9="","",IF(INDEX(NHAP_LIEU!$W$5:$W$10004,$AJ9)="","",INDEX(NHAP_LIEU!$W$5:$W$10004,$AJ9))) | L9: =IF($AJ9="","",IF(INDEX(NHAP_LIEU!$X$5:$X$10004,$AJ9)="","",INDEX(NHAP_LIEU!$X$5:$X$10004,$AJ9))) -> 0 | M9: =IF($AJ9="","",IF(INDEX(NHAP_LIEU!$Y$5:$Y$10004,$AJ9)="","",INDEX(NHAP_LIEU!$Y$5:$Y$10004,$AJ9))) -> 0 | N9: =IF($AJ9="","",IF(INDEX(NHAP_LIEU!$Z$5:$Z$10004,$AJ9)="","",INDEX(NHAP_LIEU!$Z$5:$Z$10004,$AJ9))) | O9: =IF($AJ9="","",IF(INDEX(NHAP_LIEU!$AA$5:$AA$10004,$AJ9)="","",INDEX(NHAP_LIEU!$AA$5:$AA$10004,$AJ9))) | P9: =IF($AJ9="","",IF(INDEX(NHAP_LIEU!$AB$5:$AB$10004,$AJ9)="","",INDEX(NHAP_LIEU!$AB$5:$AB$10004,$AJ9))) | Q9: =IF(C9="","",SUMIFS(MUC_TIEU_THANG!$C$5:$C$2004,MUC_TIEU_THANG!$B$5:$B$2004,C9,MUC_TIEU_THANG!$A$5:$A$2004,">="&DATE(YEAR(A9),MONTH(A9),1),MUC_TIEU_THANG!$A$5:$A$2004,"<"&DATE(YEAR(A9),MONTH(A9)+1,1))) -> 50000 | R9: =IF(C9="","",SUMIFS(NHAP_LIEU!$T$5:$T$10004,NHAP_LIEU!$C$5:$C$10004,C9,NHAP_LIEU!$A$5:$A$10004,">="&DATE(YEAR(A9),MONTH(A9),1),NHAP_LIEU!$A$5:$A$10004,"<="&A9)) -> 2950 | S9: =IF(OR(R9="",N(Q9)=0),"",R9/Q9) -> 0.059 | T9: =IF(OR(R9="",N(Q9)=0),"",MAX(0,Q9-R9)) -> 47050 | U9: =IF(B9="","",SUMIFS(NHAP_LIEU!$T$5:$T$10004,NHAP_LIEU!$B$5:$B$10004,B9,NHAP_LIEU!$A$5:$A$10004,">="&DATE(YEAR(A9),MONTH(A9),1),NHAP_LIEU!$A$5:$A$10004,"<="&A9)) -> 5 | V9: =IF($AJ9="","",IF(INDEX(NHAP_LIEU!$H$5:$H$10004,$AJ9)="","",INDEX(NHAP_LIEU!$H$5:$H$10004,$AJ9))) | W9: =IF($AJ9="","",IF(INDEX(NHAP_LIEU!$I$5:$I$10004,$AJ9)="","",INDEX(NHAP_LIEU!$I$5:$I$10004,$AJ9))) | X9: =IF($AJ9="","",IF(INDEX(NHAP_LIEU!$J$5:$J$10004,$AJ9)="","",INDEX(NHAP_LIEU!$J$5:$J$10004,$AJ9))) | Y9: =IF($AJ9="","",IF(INDEX(NHAP_LIEU!$K$5:$K$10004,$AJ9)="","",INDEX(NHAP_LIEU!$K$5:$K$10004,$AJ9))) | Z9: =IF($AJ9="","",IF(INDEX(NHAP_LIEU!$L$5:$L$10004,$AJ9)="","",INDEX(NHAP_LIEU!$L$5:$L$10004,$AJ9))) | AA9: =IF($AJ9="","",IF(INDEX(NHAP_LIEU!$M$5:$M$10004,$AJ9)="","",INDEX(NHAP_LIEU!$M$5:$M$10004,$AJ9))) | AB9: =IF($AJ9="","",IF(INDEX(NHAP_LIEU!$N$5:$N$10004,$AJ9)="","",INDEX(NHAP_LIEU!$N$5:$N$10004,$AJ9))) | AC9: =IF($AJ9="","",IF(INDEX(NHAP_LIEU!$O$5:$O$10004,$AJ9)="","",INDEX(NHAP_LIEU!$O$5:$O$10004,$AJ9))) | AD9: =IF($AJ9="","",IF(INDEX(NHAP_LIEU!$P$5:$P$10004,$AJ9)="","",INDEX(NHAP_LIEU!$P$5:$P$10004,$AJ9))) | AE9: =IF($AJ9="","",IF(INDEX(NHAP_LIEU!$Q$5:$Q$10004,$AJ9)="","",INDEX(NHAP_LIEU!$Q$5:$Q$10004,$AJ9))) | AF9: =IF($AJ9="","",IF(INDEX(NHAP_LIEU!$R$5:$R$10004,$AJ9)="","",INDEX(NHAP_LIEU!$R$5:$R$10004,$AJ9))) | AG9: =IF($AJ9="","",IF(INDEX(NHAP_LIEU!$S$5:$S$10004,$AJ9)="","",INDEX(NHAP_LIEU!$S$5:$S$10004,$AJ9))) | AH9: =IF($AJ9="","",IF(INDEX(NHAP_LIEU!$AC$5:$AC$10004,$AJ9)="","",INDEX(NHAP_LIEU!$AC$5:$AC$10004,$AJ9))) | AI9: =IF($AJ9="","",IF(INDEX(NHAP_LIEU!$AD$5:$AD$10004,$AJ9)="","",INDEX(NHAP_LIEU!$AD$5:$AD$10004,$AJ9))) | AJ9: =IF(OR(B9="",A9=""),"",IFERROR(MATCH(B9&"|"&A9,NHAP_LIEU!$AF$5:$AF$10004,0),"")) -> 11
A10: =IF(B10="","",$M$1) -> 46295 | B10: =IF(DANH_SACH_CHUYEN!B10="","",DANH_SACH_CHUYEN!B10) -> Chuyền 6 | C10: =IF($AJ10="","",IF(INDEX(NHAP_LIEU!$C$5:$C$10004,$AJ10)="","",INDEX(NHAP_LIEU!$C$5:$C$10004,$AJ10))) -> 567 | D10: =IF($AJ10="","",IF(INDEX(NHAP_LIEU!$D$5:$D$10004,$AJ10)="","",INDEX(NHAP_LIEU!$D$5:$D$10004,$AJ10))) -> 10H | E10: =IF($AJ10="","",IF(INDEX(NHAP_LIEU!$F$5:$F$10004,$AJ10)="","",INDEX(NHAP_LIEU!$F$5:$F$10004,$AJ10))) -> 10 | F10: =IF($AJ10="","",IF(INDEX(NHAP_LIEU!$E$5:$E$10004,$AJ10)="","",INDEX(NHAP_LIEU!$E$5:$E$10004,$AJ10))) -> 40 | G10: =IF($AJ10="","",IF(INDEX(NHAP_LIEU!$G$5:$G$10004,$AJ10)="","",INDEX(NHAP_LIEU!$G$5:$G$10004,$AJ10))) -> 400 | H10: =IF($AJ10="","",IF(INDEX(NHAP_LIEU!$T$5:$T$10004,$AJ10)="","",INDEX(NHAP_LIEU!$T$5:$T$10004,$AJ10))) -> 200 | I10: =IF($AJ10="","",IF(INDEX(NHAP_LIEU!$U$5:$U$10004,$AJ10)="","",INDEX(NHAP_LIEU!$U$5:$U$10004,$AJ10))) -> 0.5 | J10: =IF($AJ10="","",IF(INDEX(NHAP_LIEU!$V$5:$V$10004,$AJ10)="","",INDEX(NHAP_LIEU!$V$5:$V$10004,$AJ10))) -> -200 | K10: =IF($AJ10="","",IF(INDEX(NHAP_LIEU!$W$5:$W$10004,$AJ10)="","",INDEX(NHAP_LIEU!$W$5:$W$10004,$AJ10))) -> 200 | L10: =IF($AJ10="","",IF(INDEX(NHAP_LIEU!$X$5:$X$10004,$AJ10)="","",INDEX(NHAP_LIEU!$X$5:$X$10004,$AJ10))) -> 5 | M10: =IF($AJ10="","",IF(INDEX(NHAP_LIEU!$Y$5:$Y$10004,$AJ10)="","",INDEX(NHAP_LIEU!$Y$5:$Y$10004,$AJ10))) -> 200 | N10: =IF($AJ10="","",IF(INDEX(NHAP_LIEU!$Z$5:$Z$10004,$AJ10)="","",INDEX(NHAP_LIEU!$Z$5:$Z$10004,$AJ10))) -> 1 | O10: =IF($AJ10="","",IF(INDEX(NHAP_LIEU!$AA$5:$AA$10004,$AJ10)="","",INDEX(NHAP_LIEU!$AA$5:$AA$10004,$AJ10))) -> 46294 | P10: =IF($AJ10="","",IF(INDEX(NHAP_LIEU!$AB$5:$AB$10004,$AJ10)="","",INDEX(NHAP_LIEU!$AB$5:$AB$10004,$AJ10))) -> 0 | Q10: =IF(C10="","",SUMIFS(MUC_TIEU_THANG!$C$5:$C$2004,MUC_TIEU_THANG!$B$5:$B$2004,C10,MUC_TIEU_THANG!$A$5:$A$2004,">="&DATE(YEAR(A10),MONTH(A10),1),MUC_TIEU_THANG!$A$5:$A$2004,"<"&DATE(YEAR(A10),MONTH(A10)+1,1))) -> 100000 | R10: =IF(C10="","",SUMIFS(NHAP_LIEU!$T$5:$T$10004,NHAP_LIEU!$C$5:$C$10004,C10,NHAP_LIEU!$A$5:$A$10004,">="&DATE(YEAR(A10),MONTH(A10),1),NHAP_LIEU!$A$5:$A$10004,"<="&A10)) -> 700 | S10: =IF(OR(R10="",N(Q10)=0),"",R10/Q10) -> 0.007 | T10: =IF(OR(R10="",N(Q10)=0),"",MAX(0,Q10-R10)) -> 99300 | U10: =IF(B10="","",SUMIFS(NHAP_LIEU!$T$5:$T$10004,NHAP_LIEU!$B$5:$B$10004,B10,NHAP_LIEU!$A$5:$A$10004,">="&DATE(YEAR(A10),MONTH(A10),1),NHAP_LIEU!$A$5:$A$10004,"<="&A10)) -> 700 | V10: =IF($AJ10="","",IF(INDEX(NHAP_LIEU!$H$5:$H$10004,$AJ10)="","",INDEX(NHAP_LIEU!$H$5:$H$10004,$AJ10))) -> 40 | W10: =IF($AJ10="","",IF(INDEX(NHAP_LIEU!$I$5:$I$10004,$AJ10)="","",INDEX(NHAP_LIEU!$I$5:$I$10004,$AJ10))) -> 40 | X10: =IF($AJ10="","",IF(INDEX(NHAP_LIEU!$J$5:$J$10004,$AJ10)="","",INDEX(NHAP_LIEU!$J$5:$J$10004,$AJ10))) -> 40 | Y10: =IF($AJ10="","",IF(INDEX(NHAP_LIEU!$K$5:$K$10004,$AJ10)="","",INDEX(NHAP_LIEU!$K$5:$K$10004,$AJ10))) -> 40 | Z10: =IF($AJ10="","",IF(INDEX(NHAP_LIEU!$L$5:$L$10004,$AJ10)="","",INDEX(NHAP_LIEU!$L$5:$L$10004,$AJ10))) -> 40 | AA10: =IF($AJ10="","",IF(INDEX(NHAP_LIEU!$M$5:$M$10004,$AJ10)="","",INDEX(NHAP_LIEU!$M$5:$M$10004,$AJ10))) | AB10: =IF($AJ10="","",IF(INDEX(NHAP_LIEU!$N$5:$N$10004,$AJ10)="","",INDEX(NHAP_LIEU!$N$5:$N$10004,$AJ10))) | AC10: =IF($AJ10="","",IF(INDEX(NHAP_LIEU!$O$5:$O$10004,$AJ10)="","",INDEX(NHAP_LIEU!$O$5:$O$10004,$AJ10))) | AD10: =IF($AJ10="","",IF(INDEX(NHAP_LIEU!$P$5:$P$10004,$AJ10)="","",INDEX(NHAP_LIEU!$P$5:$P$10004,$AJ10))) | AE10: =IF($AJ10="","",IF(INDEX(NHAP_LIEU!$Q$5:$Q$10004,$AJ10)="","",INDEX(NHAP_LIEU!$Q$5:$Q$10004,$AJ10))) | AF10: =IF($AJ10="","",IF(INDEX(NHAP_LIEU!$R$5:$R$10004,$AJ10)="","",INDEX(NHAP_LIEU!$R$5:$R$10004,$AJ10))) | AG10: =IF($AJ10="","",IF(INDEX(NHAP_LIEU!$S$5:$S$10004,$AJ10)="","",INDEX(NHAP_LIEU!$S$5:$S$10004,$AJ10))) | AH10: =IF($AJ10="","",IF(INDEX(NHAP_LIEU!$AC$5:$AC$10004,$AJ10)="","",INDEX(NHAP_LIEU!$AC$5:$AC$10004,$AJ10))) -> Đang chạy | AI10: =IF($AJ10="","",IF(INDEX(NHAP_LIEU!$AD$5:$AD$10004,$AJ10)="","",INDEX(NHAP_LIEU!$AD$5:$AD$10004,$AJ10))) | AJ10: =IF(OR(B10="",A10=""),"",IFERROR(MATCH(B10&"|"&A10,NHAP_LIEU!$AF$5:$AF$10004,0),"")) -> 5
A12: =$M$1 -> 46295 | B12: TỔNG CỘNG | G12: =IF(COUNT(G5:G10)=0,"",SUM(G5:G10)) -> 5308 | H12: =IF(COUNT(H5:H10)=0,"",SUM(H5:H10)) -> 1425 | I12: =IF(OR(H12="",N(G12)=0),"",H12/G12) -> 0.2684627 | J12: =IF(COUNT(J5:J10)=0,"",SUM(J5:J10)) -> -2903 | K12: =IF(COUNT(K5:K10)=0,"",SUM(K5:K10)) -> 2903 | M12: =IF(COUNT(M5:M10)=0,"",SUM(M5:M10)) -> 1440 | N12: =IF(OR(H12="",N(M12)=0),"",H12/M12) -> 0.98958333 | P12: =IF(COUNT(P5:P10)=0,"",SUM(P5:P10)) -> 40 | U12: =IF(COUNT(U5:U10)=0,"",SUM(U5:U10)) -> 6810
